speaker,transcript,start_time,confidence,recognized_speaker,recognized_text,speaker_num
Speaker 1,다들 좋은 아침입니다. 주말은 잘 보내셨어요? 오늘 아침에 비가 와서 그런지 차가 엄청 막히더라고요. 지각할 뻔했습니다.,0,0.9385,1,다들 좋은 아침입니다. 주말은 잘 보내셨어요? 오늘 아침에 비가 와서 그런지 차가 엄청 막히더라고요. 지각할 뻔했습니다.,1
Speaker 2,저도요. 버스에 사람이 어찌나 많던지. 그래도 커피 한 잔 하니 정신이 좀 드네요.,9102,0.9454,2,저도요. 버스에 사람이 어찌나 많던지 그래도 커피 한 잔 하니 정신이 좀 드네요.,2
Speaker 3,"전 다행히 지하철 타고 와서 괜찮았어요. 자, 다들 커피도 있으니 시작해볼까요?",15275,0.9673,3,다행히 지하철 타고 와서 괜찮았어요. 자 다들 커피도 있으니 시작해 볼까요?,3
Speaker 1,"네, 좋습니다. 오늘부터 우리가 함께 만들어갈 신규 프로젝트, 가칭 'AI 회의 인텔리전스 플랫폼'에 대한 킥오프 미팅을 시작하겠습니다. 제가 공유 드린 전략 분석 보고서는 다들 읽어보셨죠?",20755,0.9572,1,네 좋습니다. 오늘부터 우리가 함께 만들어 갈 신규 프로젝트 가칭 AI 회의 인텔리전스 플랫폼에 대한 킥오프 미팅을 시작하겠습니다. 제가 공유드린 전략 분석 보고서는 다들 읽어보셨죠?,1
Speaker 4,"네, 어제 밤에 정독했습니다. 분량이 꽤 되던데요. 시장 분석이 아주 상세해서 놀랐습니다.",33800,0.954,4,네 어젯밤에 정독했습니다. 분량이 꽤 되던데요. 시장 분석이 아주 상세해서 놀랐습니다.,4
Speaker 1,"그렇죠? 보고서의 핵심 논지, '단순 녹취를 넘어 인텔리전스로의 진화'라는 말이 딱 와닿았어요. 이제 STT 정확도만으로는 승부할 수 없는 시장이 된 거죠. 우리의 목표는 단순한 받아쓰기 셔틀이 아니라, 회의에서 '통찰력'을 뽑아주는 진정한 '인텔리전스' 플랫폼을 만드는 겁니다.",40873,0.9127,1,그렇죠 보고서의 핵심 논지 단순 녹취를 넘어 인텔리전스로의 진화라는 말이 딱 와 닿았어요. 이제 에티티 정확도만으로는 승부할 수 없는 시장이 된 거죠. 우리의 목표는 단순한 받아쓰기 셔틀이 아니라 회의에서 통찰력을 뽑아주는 진정한 인텔리전스 플랫폼을 만드는 겁니다.,1
Speaker 2,"맞습니다. 특히 국내 시장 분석 파트가 인상 깊었어요. 네이버 '클로바노트'가 '한국어라는 해자(moat)'를 아주 깊게 파놓은 상황에서, 우리가 단순히 '한국어 인식이 더 정확해요'라고 외치는 건 자살행위나 다름없죠.",61752,0.9745,2,맞습니다. 특히 국내 시장 분석 파트가 인상 깊었어요. 네이버 클로바노트가 한국어라는 해자를 아주 깊게 파놓은 상황에서 우리가 단순히 한국어 인식이 더 정확해요라고 외치는 건 자살행위나 다름없다.,2
Speaker 3,"저도 그 부분에 공감해요. 클로바노트를 쓰는 친구들 보면 정확도 자체에는 이미 만족하고 있더라고요. 오히려 UI가 좀 더 편했으면 좋겠다거나, 회의 끝나고 바로 할 일을 정리해줬으면 좋겠다는 식의 '워크플로우'에 대한 불만이 많았어요. 보고서에서 말하는 '인텔리전스 및 워크플로우 계층'을 우리가 어떻게 설계하느냐가 관건이겠네요.",77296,0.9698,3,저도 그 부분에 공감해요. 클로바노트를 쓰는 친구들 보면 정확도 자체에는 이미 만족하고 있더라고요. 오히려 유아가 좀 더 편했으면 좋겠다거나 회의 끝나고 바로 할 일을 정리해 줬으면 좋겠다는 식의 워크플로우에 대한 불만이 많았어요. 보고서에서 말하는 인텔리전스 및 워크플로우 계층을 우리가 어떻게 설계하느냐가 관건이겠네요.,3
Speaker 4,"기술적인 관점에서도 시사하는 바가 큽니다. OpenAI의 Whisper 같은 좋은 오픈소스 모델도 있고, 클라우드 업체들 API 성능도 상향 평준화됐죠. 굳이 우리가 STT 엔진 자체를 밑바닥부터 개발하느라 리소스를 낭비할 필요가 없다는 뜻이니까요. 핵심은 변환된 텍스트를 가지고 뭘 할 거냐, 즉 후처리 로직과 AI 모델링에 집중해야 한다는 거죠.",103076,0.8821,4,기술적인 관점에서도 시사하는 바가 큽니다. 오픈 AI의 위스퍼 같은 좋은 오픈 소스 모델도 있고 클라우드 업체들 API 성능도 상향 평준화됐죠. 굳이 우리가 STT 엔진 자체를 밑바닥부터 개발하느라 리소스를 낭비할 필요가 없다는 뜻이니까요. 핵심은 변환된 텍스트를 가지고 뭘 할 거냐 즉 후처리 로직과 AI 모델링에 집중해야 한다는 거죠.,4
Speaker 1,"모두 정확히 짚어주셨습니다. 그래서 첫 회의인 오늘, 다 같이 큰 그림에 대한 공감대를 형성하고 싶었어요. 우리는 단순히 또 하나의 클로바노트 아류작을 만들려는 게 아닙니다. 클로바노트가 선점한 시장에서 우리만의 차별화된 가치를 찾아야 합니다.",128509,0.9894,1,모두 정확히 짚어주셨습니다. 그래서 첫 회의인 오늘 다 같이 큰 그림에 대한 공감대를 형성하고 싶었어요. 우리는 단순히 또 하나의 클로바노트 아류작을 만들려는 게 아닙니다. 클로바노트가 선점한 시장에서 우리만의 차별화된 가치를 찾아야 합니다.,1
Speaker 2,"비토(VITO)가 '통화 녹음'에 집중하거나, 다글로가 '유튜브 스크립트'를 파고든 것처럼 우리도 명확한 타겟이나 틈새를 찾아야겠군요.",147250,0.9879,2,비토가 통화 녹음에 집중하거나 다글로가 유튜브 스크립트를 파고든 것처럼 우리도 명확한 타겟이나 틈새를 찾아야겠군요.,2
Speaker 1,"맞습니다. 그래서 다음 회의 전까지 각자 고민해올 부분을 좀 드릴게요. 정훈 수석님은 보고서의 '기본 토대 기능' 파트를 중심으로, 우리가 MVP(최소 기능 제품)로 가져갈 기술 스택과 STT 엔진 선정(자체/외부 API)에 대한 장단점을 검토해주세요.",157115,0.9853,1,맞습니다. 그래서 다음 회의 전까지 각자 고민해 올 부분을 좀 드릴게요. 정훈 수석님은 보고서의 기본 토대 기능 파트를 중심으로 우리가 엠빙 제품으로 가져갈 기술 스택과 STT 엔진 선정 자체 API에 대한 장단점을 검토해 주세요.,1
Speaker 4,"알겠습니다. 비용과 개발 공수, 정확도 측면에서 비교 분석해보겠습니다.",175547,0.9641,4,"알겠습니다. 비용과 개발, 공수 정확도 측면에서 비교 분석해 보겠습니다.",4
Speaker 1,"서연 디자이너님은 경쟁 서비스들, 특히 Fathom이나 tl;dv 같은 글로벌 서비스들의 UX를 좀 더 깊게 분석해주시고, 사용자가 회의록을 가지고 어떤 '워크플로우'를 거치는지에 대한 가설을 세워주세요.",180599,0.9244,1,"서현 디자이너님은 경쟁 서비스들, 특히 페이덤이나 TLDB 같은 글로벌 서비스들의 UX를 좀 더 깊게 분석해 주시고 사용자가 회의록을 가지고 어떤 워크플로우를 거치는지에 대한 가설을 세워주세요.",1
Speaker 3,"네, 좋습니다. 특히 회의 내용을 공유하고 협업하는 과정에 집중해서 들여다볼게요.",195195,0.9624,3,"네 좋습니다. 특히 회의 내용을 공유하고 협업하는 과정에 집중해서 들여다볼,",3
Speaker 1,"그리고 지호 매니저님은 보고서의 '글로벌 시장' 파트와 '수익화 전략'을 중심으로, 우리가 어떤 시장 포지션을 취해야 할지, 예를 들어 '프리미엄 파괴자'가 될지, '수직적 전문가'가 될지 전략 방향성에 대한 의견을 정리해주세요.",201410,0.9701,1,그리고 지효 매니저님은 보고서의 글로벌 시장 파트와 수익화 전략을 중심으로 우리가 어떤 시장 포지션을 취해야 할지 예를 들어 프리미엄 파괴자가 될지 수직적 전문가가 될지 전략 방향성에 대한 의견을 정리해 주세요.,1
Speaker 2,"재밌는 과제네요. Fathom의 파격적인 무료 정책이 굉장히 인상 깊었는데, 그 비즈니스 모델을 좀 더 파봐야겠습니다.",218190,0.9614,2,재밌는 과제네요. 패덤의 파격적인 무료 정책이 굉장히 인상 깊었는데 그 비즈니스 모델을 좀 더 파봐야겠습니다.,2
Speaker 1,좋습니다. 그럼 다음 회의는 이번 주 금요일 오전에 하죠. 오늘 나온 이야기들을 바탕으로 각자 고민한 내용들을 공유하면서 구체적인 방향을 잡아봅시다. 다들 수고하셨습니다.,226577,0.9893,1,좋습니다. 그럼 다음 회의는 이번 주 금요일 오전에 하죠. 오늘 나온 이야기들을 바탕으로 각자 고민한 내용들을 공유하면서 구체적인 방향을 잡아 봅시다. 다들 수고하셨습니다.,1
